project_id,github_repo,website,report,poster
0,https://github.com/DSC-Capstone/projects-2019-2020/tree/master/project_01/,https://mkwan13.github.io/180_final_site/,,
1,https://github.com/DSC-Capstone/projects-2019-2020/tree/master/project_02/,http://jwlin17.github.io/DSC180B,,
2,https://github.com/DSC-Capstone/projects-2019-2020/tree/master/project_03/,https://schoothuang.github.io/DSC180B-Coronavirus-Wikipedia/,,
3,https://github.com/DSC-Capstone/projects-2019-2020/tree/master/project_04/,https://sruthiv98.github.io/RagaClassifier/,,
4,https://github.com/DSC-Capstone/projects-2019-2020/tree/master/project_05/,https://codencoding.github.io/Red-Means-Go/,,
5,https://github.com/DSC-Capstone/projects-2019-2020/tree/master/project_06/,https://emmanuel-diaz.github.io/RestoreNet/,,
6,https://github.com/DSC-Capstone/projects-2019-2020/tree/master/project_07/,https://koreanj.github.io/MineSkins_Website/,,
7,https://github.com/DSC-Capstone/projects-2019-2020/tree/master/project_08/,https://furbeh.github.io/SuperBowlCapstoneWebPage/,,
8,https://github.com/DSC-Capstone/projects-2019-2020/tree/master/project_09/,https://studentofdsc.github.io/,,
9,https://github.com/DSC-Capstone/projects-2019-2020/tree/master/project_10/,https://n2au.github.io/,,
10,https://github.com/DSC-Capstone/projects-2019-2020/tree/master/project_11/,https://jaredandrews99.github.io/,,
11,https://github.com/DSC-Capstone/projects-2019-2020/tree/master/project_12/,https://chuanyuanyeh.github.io/predpol_study/,,
12,https://github.com/DSC-Capstone/projects-2019-2020/tree/master/project_13/,https://boh016.github.io/fair_policing/,,
13,https://github.com/DSC-Capstone/projects-2019-2020/tree/master/project_14/,https://siqihuang47.github.io/dsc180b_visualization/,,
14,https://github.com/DSC-Capstone/projects-2019-2020/tree/master/project_15/,https://sites.google.com/view/type-ii-diabetes/home,,
15,https://github.com/DSC-Capstone/projects-2019-2020/tree/master/project_16/,https://www.sanchezenrique.com/PredictingDiseaseWebsite/,,
16,https://github.com/DSC-Capstone/projects-2019-2020/tree/master/project_17/,https://e5jiang.github.io/germ_layers_page/,,
17,https://github.com/DSC-Capstone/projects-2019-2020/tree/master/project_18/,https://derrick56007.github.io/miRNA_preT1Diabetes/,,
18,https://github.com/DSC-Capstone/projects-2019-2020/tree/master/project_19/,https://tonyzhanghm.github.io/adgwas_website/,,
19,https://github.com/DSC-Capstone/projects-2019-2020/tree/master/project_20/,https://davidzyx.github.io/HinDroid-with-Embeddings/,,
20,https://github.com/DSC-Capstone/projects-2019-2020/tree/master/project_21/,https://syeehyn.github.io/hinreddit/,,
21,https://github.com/DSC-Capstone/projects-2019-2020/tree/master/project_22/,https://shinushibu1798.github.io/recordLinkage/,,
22,https://github.com/DSC-Capstone/projects-2019-2020/tree/master/project_23/,https://malware-detection-blog.herokuapp.com/,,
23,https://github.com/DSC-Capstone/projects-2019-2020/tree/master/project_24/,http://team05.pythonanywhere.com/,,
24,https://github.com/DSC-Capstone/projects-2019-2020/tree/master/project_25/,https://www.codehonestly.com/,,
25,https://github.com/DSC-Capstone/projects-2019-2020/tree/master/project_26/,https://nancyvuong.github.io/dsc180b_website/,,
26,https://github.com/DSC-Capstone/projects-2019-2020/tree/master/project_27/,https://maishuliang.github.io/malware-detection-viz/,,
27,https://github.com/DSC-Capstone/projects-2020-2021/tree/main/projects/project_53,https://elizabethmkim.github.io/FaceMaskDetection/,https://dsc-capstone.org/projects-2020-2021/reports/project_53.pdf,
28,https://github.com/DSC-Capstone/projects-2020-2021/tree/main/projects/project_52,https://athena112233.github.io/DSC180B_Project_Webpage/,https://dsc-capstone.org/projects-2020-2021/reports/project_52.pdf,
29,https://github.com/DSC-Capstone/projects-2020-2021/tree/main/projects/project_51,https://afosado.github.io/180b_capstone_xai/,https://dsc-capstone.org/projects-2020-2021/reports/project_51.pdf,
30,https://github.com/DSC-Capstone/projects-2020-2021/tree/main/projects/project_50,https://connielee99.github.io/Explainable-AI-in-Finance/,https://dsc-capstone.org/projects-2020-2021/reports/project_50.pdf,
31,https://github.com/DSC-Capstone/projects-2020-2021/tree/main/projects/project_49,https://michael4706.github.io/XAI_Website/,https://dsc-capstone.org/projects-2020-2021/reports/project_49.pdf,
32,https://github.com/DSC-Capstone/projects-2020-2021/tree/main/projects/project_54,https://nikolettuce.github.io/DSC180B_06_NeuralBackedDecisionTrees/,https://dsc-capstone.org/projects-2020-2021/reports/project_54.pdf,
33,https://github.com/DSC-Capstone/projects-2020-2021/tree/main/projects/project_16,https://a3bernal.github.io/180-visualization/,https://dsc-capstone.org/projects-2020-2021/reports/project_16.pdf,
34,https://github.com/DSC-Capstone/projects-2020-2021/tree/main/projects/project_15,https://joseph-fallon.medium.com/dsc-180b-team-5-computer-vision-and-image-processing-for-autonomous-vehicles-applications-ee494d954093,https://dsc-capstone.org/projects-2020-2021/reports/project_15.pdf,
35,https://github.com/DSC-Capstone/projects-2020-2021/tree/main/projects/project_14,https://sisaha9.github.io/camera_mapping_navigation_website/,https://dsc-capstone.org/projects-2020-2021/reports/project_14.pdf,
36,https://github.com/DSC-Capstone/projects-2020-2021/tree/main/projects/project_13,https://elvishelvis.github.io/,https://dsc-capstone.org/projects-2020-2021/reports/project_13.pdf,
37,https://github.com/DSC-Capstone/projects-2020-2021/tree/main/projects/project_12,https://neghena.github.io/GPS_Autonomous_Nav/,https://dsc-capstone.org/projects-2020-2021/reports/project_12.pdf,
38,https://github.com/DSC-Capstone/projects-2020-2021/tree/main/projects/project_11,https://sallypoon.github.io/autonomousvehicles.github.io/,https://dsc-capstone.org/projects-2020-2021/reports/project_11.pdf,
39,https://github.com/DSC-Capstone/projects-2020-2021/tree/main/projects/project_55,https://yikaihao.github.io/DSC180_Webpage/,https://dsc-capstone.org/projects-2020-2021/reports/project_55.pdf,
40,https://github.com/DSC-Capstone/projects-2020-2021/tree/main/projects/project_58,https://kamui-jiao.github.io/DSC180B-Page/,https://dsc-capstone.org/projects-2020-2021/reports/project_58.pdf,
41,https://github.com/DSC-Capstone/projects-2020-2021/tree/main/projects/project_57,https://neels-hah.github.io/vector-embedding-exploration/,https://dsc-capstone.org/projects-2020-2021/reports/project_57.pdf,
42,https://github.com/DSC-Capstone/projects-2020-2021/tree/main/projects/project_56,https://iamsabhoho.github.io/dsc180b-malware/,https://dsc-capstone.org/projects-2020-2021/reports/project_56.pdf,
43,https://github.com/DSC-Capstone/projects-2020-2021/tree/main/projects/project_59,https://rcgonzalez9061.github.io/m2vDroid-blog/,https://dsc-capstone.org/projects-2020-2021/reports/project_59.pdf,
44,https://github.com/DSC-Capstone/projects-2020-2021/tree/main/projects/project_38,https://white-wildflower-6469.fly.dev/python/,https://dsc-capstone.org/projects-2020-2021/reports/project_38.pdf,
45,https://github.com/DSC-Capstone/projects-2020-2021/tree/main/projects/project_42,https://a04-capstone-group-02.github.io/movie-analysis-webpage/,https://dsc-capstone.org/projects-2020-2021/reports/project_42.pdf,
46,https://github.com/DSC-Capstone/projects-2020-2021/tree/main/projects/project_41,https://shy218.github.io/dsc180-project/,https://dsc-capstone.org/projects-2020-2021/reports/project_41.pdf,
47,https://github.com/DSC-Capstone/projects-2020-2021/tree/main/projects/project_40,https://dsc180b-a04-capstone-group-06.github.io/News-Classification-Webpage/,https://dsc-capstone.org/projects-2020-2021/reports/project_40.pdf,
48,https://github.com/DSC-Capstone/projects-2020-2021/tree/main/projects/project_39,https://yichunren.pythonanywhere.com/autolibrary/,https://dsc-capstone.org/projects-2020-2021/reports/project_39.pdf,
49,https://github.com/DSC-Capstone/projects-2020-2021/tree/main/projects/project_37,http://vil069.pythonanywhere.com/,https://dsc-capstone.org/projects-2020-2021/reports/project_37.pdf,
50,https://github.com/DSC-Capstone/projects-2020-2021/tree/main/projects/project_48,http://www.jackzlin.com/,https://dsc-capstone.org/projects-2020-2021/reports/project_48.pdf,
51,https://github.com/DSC-Capstone/projects-2020-2021/tree/main/projects/project_47,https://dsc180b-rc-rec.herokuapp.com/,https://dsc-capstone.org/projects-2020-2021/reports/project_47.pdf,
52,https://github.com/DSC-Capstone/projects-2020-2021/tree/main/projects/project_46,http://bridgingthegapwithmusic.com/,https://dsc-capstone.org/projects-2020-2021/reports/project_46.pdf,
53,https://github.com/DSC-Capstone/projects-2020-2021/tree/main/projects/project_45,https://workout-recommender.herokuapp.com/,https://dsc-capstone.org/projects-2020-2021/reports/project_45.pdf,
54,https://github.com/DSC-Capstone/projects-2020-2021/tree/main/projects/project_43,https://recipe-rec-app.herokuapp.com/,https://dsc-capstone.org/projects-2020-2021/reports/project_43.pdf,
55,https://github.com/DSC-Capstone/projects-2020-2021/tree/main/projects/project_44,https://makeup-recommender.herokuapp.com/,https://dsc-capstone.org/projects-2020-2021/reports/project_44.pdf,
56,https://github.com/DSC-Capstone/projects-2020-2021/tree/main/projects/project_71,http://137.110.40.139:8080/#/reddit,https://dsc-capstone.org/projects-2020-2021/reports/project_71.pdf,
57,https://github.com/DSC-Capstone/projects-2020-2021/tree/main/projects/project_63,https://xiw483.github.io/dsc180b-website/,https://dsc-capstone.org/projects-2020-2021/reports/project_63.pdf,
58,https://github.com/DSC-Capstone/projects-2020-2021/tree/main/projects/project_77,https://larryzly.github.io/CardiovascularClassifier/,https://dsc-capstone.org/projects-2020-2021/reports/project_77.pdf,
59,https://github.com/DSC-Capstone/projects-2020-2021/tree/main/projects/project_29,https://shuyuan66.github.io/capstone_epidemiology__web/,https://dsc-capstone.org/projects-2020-2021/reports/project_29.pdf,
60,https://github.com/DSC-Capstone/projects-2020-2021/tree/main/projects/project_22,https://anuragpamuru.github.io/dsc-180b-capstone-b03,https://dsc-capstone.org/projects-2020-2021/reports/project_22.pdf,
61,https://github.com/DSC-Capstone/projects-2020-2021/tree/main/projects/project_20,https://ctwayen.github.io/Graph-Neural-Network-on-3D-Points/,https://dsc-capstone.org/projects-2020-2021/reports/project_20.pdf,
62,https://github.com/DSC-Capstone/projects-2020-2021/tree/main/projects/project_19,https://nhtsai.github.io/graph-rec/,https://dsc-capstone.org/projects-2020-2021/reports/project_19.pdf,
63,https://github.com/DSC-Capstone/projects-2020-2021/tree/main/projects/project_18,https://austinle.github.io,https://dsc-capstone.org/projects-2020-2021/reports/project_18.pdf,
64,https://github.com/DSC-Capstone/projects-2020-2021/tree/main/projects/project_21,https://sdevinl.github.io/DSC180B_Project/,https://dsc-capstone.org/projects-2020-2021/reports/project_21.pdf,
65,https://github.com/DSC-Capstone/projects-2020-2021/tree/main/projects/project_76,https://sleasian.github.io/,https://dsc-capstone.org/projects-2020-2021/reports/project_76.pdf,
66,https://github.com/DSC-Capstone/projects-2020-2021/tree/main/projects/project_0,https://baymatt.github.io/TwitterPoliticianMisinformation/,https://dsc-capstone.org/projects-2020-2021/reports/project_0.pdf,
67,https://github.com/DSC-Capstone/projects-2020-2021/tree/main/projects/project_1,https://hbpeters.github.io/2016-2020_pres_elections_twitter,https://dsc-capstone.org/projects-2020-2021/reports/project_1.pdf,
68,https://github.com/DSC-Capstone/projects-2020-2021/tree/main/projects/project_2,https://raechelwalker.github.io/visual_presentation/,https://dsc-capstone.org/projects-2020-2021/reports/project_2.pdf,
69,https://github.com/DSC-Capstone/projects-2020-2021/tree/main/projects/project_3,https://chrisly99.github.io/political_bots_site/,https://dsc-capstone.org/projects-2020-2021/reports/project_3.pdf,
70,https://github.com/DSC-Capstone/projects-2020-2021/tree/main/projects/project_4,https://prem1835213.github.io/Election_Twitter/,https://dsc-capstone.org/projects-2020-2021/reports/project_4.pdf,
71,https://github.com/DSC-Capstone/projects-2020-2021/tree/main/projects/project_5,https://helenhc.github.io/reddit-site/,https://dsc-capstone.org/projects-2020-2021/reports/project_5.pdf,
72,https://github.com/DSC-Capstone/projects-2020-2021/tree/main/projects/project_6,https://yunlintang.github.io/DSC180B-Blog/,https://dsc-capstone.org/projects-2020-2021/reports/project_6.pdf,
73,https://github.com/DSC-Capstone/projects-2020-2021/tree/main/projects/project_25,https://zxchen98.github.io/Controversy_Visual_output/,https://dsc-capstone.org/projects-2020-2021/reports/project_25.pdf,
74,https://github.com/DSC-Capstone/projects-2020-2021/tree/main/projects/project_26,https://kyleepeng.github.io/Fandom-Online-Collaboration/,https://dsc-capstone.org/projects-2020-2021/reports/project_26.pdf,
75,https://github.com/DSC-Capstone/projects-2020-2021/tree/main/projects/project_27,https://ggavila.github.io/WikipediaProjectWebsite/,https://dsc-capstone.org/projects-2020-2021/reports/project_27.pdf,
76,https://github.com/DSC-Capstone/projects-2020-2021/tree/main/projects/project_23,https://dsc180b-group5.github.io/emmalogo.github.io/,https://dsc-capstone.org/projects-2020-2021/reports/project_23.pdf,
77,https://github.com/DSC-Capstone/projects-2020-2021/tree/main/projects/project_24,https://mryanchos.github.io/PoW/,https://dsc-capstone.org/projects-2020-2021/reports/project_24.pdf,
78,https://github.com/DSC-Capstone/projects-2020-2021/tree/main/projects/project_70,https://genetics.denncc.com/blog/2021/02/differential-gene-expression-analysis-of-human-opioid-abusers/,https://dsc-capstone.org/projects-2020-2021/reports/project_70.pdf,
79,https://github.com/DSC-Capstone/projects-2020-2021/tree/main/projects/project_68,https://alandsc.github.io/GWAS/,https://dsc-capstone.org/projects-2020-2021/reports/project_68.pdf,
80,https://github.com/DSC-Capstone/projects-2020-2021/tree/main/projects/project_67,https://justjk139.github.io,https://dsc-capstone.org/projects-2020-2021/reports/project_67.pdf,
81,https://github.com/DSC-Capstone/projects-2020-2021/tree/main/projects/project_66,https://iLuigi98.github.io,https://dsc-capstone.org/projects-2020-2021/reports/project_66.pdf,
82,https://github.com/DSC-Capstone/projects-2020-2021/tree/main/projects/project_69,https://xuanyuw.github.io/miRNA_overlap_AD_PD.github.io/,https://dsc-capstone.org/projects-2020-2021/reports/project_69.pdf,
83,https://github.com/DSC-Capstone/projects-2020-2021/tree/main/projects/project_9,https://pristinsky1.github.io/live_vs_video_on_demand_VPN_detection/,https://dsc-capstone.org/projects-2020-2021/reports/project_9.pdf,
84,https://github.com/DSC-Capstone/projects-2020-2021/tree/main/projects/project_8,https://dane-tool.github.io/dane/,https://dsc-capstone.org/projects-2020-2021/reports/project_8.pdf,
85,https://github.com/DSC-Capstone/projects-2020-2021/tree/main/projects/project_7,https://stephdoan.github.io/ResRecovery/,https://dsc-capstone.org/projects-2020-2021/reports/project_7.pdf,
86,https://github.com/DSC-Capstone/projects-2020-2021/tree/main/projects/project_10,https://mhrowlan.github.io/streaming_provider_classifier_inside_vpn/,https://dsc-capstone.org/projects-2020-2021/reports/project_10.pdf,
87,https://github.com/DSC-Capstone/projects-2020-2021/tree/main/projects/project_65,https://hin-lrp.github.io/,https://dsc-capstone.org/projects-2020-2021/reports/project_65.pdf,
88,https://github.com/DSC-Capstone/projects-2020-2021/tree/main/projects/project_64,https://sharmimathur.github.io/multiclassification-particle-jets/,https://dsc-capstone.org/projects-2020-2021/reports/project_64.pdf,
89,https://github.com/DSC-Capstone/projects-2020-2021/tree/main/projects/project_72,http://rtl-automation.herokuapp.com/,https://dsc-capstone.org/projects-2020-2021/reports/project_72.pdf,
90,https://github.com/DSC-Capstone/projects-2020-2021/tree/main/projects/project_60,https://devanshuDesai.github.io/AutoBrick/,https://dsc-capstone.org/projects-2020-2021/reports/project_60.pdf,
91,https://github.com/DSC-Capstone/projects-2020-2021/tree/main/projects/project_61,https://hinanawits.github.io/DSC-180B-Presentation-Website/,https://dsc-capstone.org/projects-2020-2021/reports/project_61.pdf,
92,https://github.com/DSC-Capstone/projects-2020-2021/tree/main/projects/project_34,https://panyeung.github.io/UserWaitVisual/,https://dsc-capstone.org/projects-2020-2021/reports/project_34.pdf,
93,https://github.com/DSC-Capstone/projects-2020-2021/tree/main/projects/project_33,https://k3huang.github.io/dsc180b-visual-presentation-/,https://dsc-capstone.org/projects-2020-2021/reports/project_33.pdf,
94,https://github.com/DSC-Capstone/projects-2020-2021/tree/main/projects/project_35,https://roygrt.github.io/Visual_presentation_180B/,https://dsc-capstone.org/projects-2020-2021/reports/project_35.pdf,
95,https://github.com/DSC-Capstone/projects-2020-2021/tree/main/projects/project_36,https://vlw003.github.io/,https://dsc-capstone.org/projects-2020-2021/reports/project_36.pdf,
96,https://github.com/DSC-Capstone/projects-2020-2021/tree/main/projects/project_32,https://geoact.sdsc.edu/,https://dsc-capstone.org/projects-2020-2021/reports/project_32.pdf,
97,https://github.com/DSC-Capstone/projects-2020-2021/tree/main/projects/project_31,https://farhoodensan.github.io/BusPresentation/,https://dsc-capstone.org/projects-2020-2021/reports/project_31.pdf,
98,https://github.com/DSC-Capstone/projects-2020-2021/tree/main/projects/project_78,https://ery010.github.io/OneRoomABMSite,https://dsc-capstone.org/projects-2020-2021/reports/project_78.pdf,
99,https://github.com/leonkuoDSC/Policing_and_Income,https://leonkuodsc.github.io/Policing-and-Income-Website/,https://raw.githubusercontent.com/leonkuoDSC/artifact-directory-template/main/report.pdf,
100,https://github.com/lizheng1226/DSC180B_Project_AutoFiNews,https://aponyua991.github.io/AutoFiNews/,https://raw.githubusercontent.com/mingjiazhu/artifact-directory-template/main/report.pdf,
101,https://github.com/jamesjaeyu/autophrase_over_time,https://jamesjaeyu.github.io/autophrase_over_time/,https://raw.githubusercontent.com/jamesjaeyu/artifact-directory-template/main/report.pdf,
102,https://github.com/YongqingLi14/codenames-ai-analysis,https://xueweiyan.github.io/codenames-ai-website/,https://raw.githubusercontent.com/YongqingLi14/artifact-directory-template/main/report.pdf,
103,https://github.com/jonathantanoto/spam_detection_180B/,https://jonathantanoto.github.io/spamdetection/,https://raw.githubusercontent.com/jonathantanoto/artifact-directory-template/main/report.pdf,
104,https://github.com/mcelz/MedCoin-Authorization-Smart-Contract,https://ellawan.github.io/,https://raw.githubusercontent.com/mcelz/artifact-directory-template/main/report.pdf,
105,https://github.com/DSC180A-A04/spatiotemporal_analysis,https://dsc180a-a04.github.io/spatiotemporal_analysis/,https://raw.githubusercontent.com/DSC180A-A04/artifact-directory-template/main/report.pdf,
106,https://github.com/dhaar-data/DSC180B-project,https://dhaar-data.github.io/DSC180B-project/,https://raw.githubusercontent.com/alicegunawan/dsc180-artifact-directory/main/report.pdf,
107,https://github.com/sujeetyeramareddy9/NFL-Analysis,https://jonlangley2022.github.io,https://raw.githubusercontent.com/yol146/artifact-directory-template/main/report.pdf,
108,https://github.com/duha-aldebakel/DSC180B-LDACode,https://a1limon.github.io/DSC180B.visual.io/,https://raw.githubusercontent.com/a1limon/artifact-directory-template/main/report.pdf,
109,https://github.com/889884m/DSC180_Project,https://889884m.github.io/DSC180_Project/,https://raw.githubusercontent.com/889884m/artifact-directory/main/report.pdf,
110,https://github.com/sunqiaochen/NeurlPS_2022_DSC180,https://github.com/sunqiaochen/NeurlPS_2022_DSC180,https://raw.githubusercontent.com/sunqiaochen/artifact-directory-template/main/report.pdf,
111,https://github.com/EdmundoZamora/TweetyNet_CUDA_GPU_Adaptation,https://edmundozamora.github.io/DSC180-A09-Eco-Acoustic-Detection/,https://raw.githubusercontent.com/EdmundoZamora/artifact-directory-template/main/report.pdf,
112,https://github.com/UCSD-E4E/Pyrenote,https://www.dylan-nelson.com/Pyrenote/,https://raw.githubusercontent.com/dylannelson/artifact-directory-template/main/report.pdf,
113,https://github.com/UCSD-E4E/Pyrenote,https://wescodes.github.io/Wes_Project/,https://raw.githubusercontent.com/WesCodes/artifact-directory-template/main/report.pdf,
114,https://github.com/RuojiaTao/Covid-Misinformation-Spread-on-Tweets,https://ruojiatao.github.io/Covid-Misinformation-Spread-on-Tweets/,https://raw.githubusercontent.com/RuojiaTao/artifact-directory-template/main/report.pdf,
115,https://github.com/davamini/DSC180B_Reddit_MisInfo_Capstone,https://davamini.com/dsc180_project.github.io/,https://raw.githubusercontent.com/helorise/artifact-directory-template/main/report.pdf,
116,https://github.com/fieryashes/DSC180B_Misinformation_Project,https://anaaamika.github.io/DSC180B-Misinformation/,https://raw.githubusercontent.com/anaaamika/artifact-directory-template/main/report.pdf,
117,https://github.com/Bryan-Az/DSC-Capstone-Result-Replication,http://www.bambriz.me/wp-content/uploads/2022/02/dsc180b.html,https://raw.githubusercontent.com/Bryan-Az/artifact-directory-template/main/report.pdf,
118,https://github.com/UCSDJLEE/DSC180B-A11-Project,https://isacmlee.github.io/particle-physics-visuals/,https://raw.githubusercontent.com/isacmlee/artifact-directory-template/main/report.pdf,
119,https://github.com/shonepatil/GNN-Spotify-Recommender-Project,https://shonepatil.github.io/GNN-Spotify-Recommender-Website/,https://raw.githubusercontent.com/shonepatil/artifact-directory-template/main/report.pdf,
120,https://github.com/yangshengaa/dynamic_stock_industry_classification,https://yangshengaa.github.io/dynamic_stock_industry_classification/,https://raw.githubusercontent.com/yangshengaa/artifact-directory-template/main/report.pdf,
121,https://github.com/MarthaY01/hdsi_faculty_tool/tree/main,https://marthay01.github.io/hdsi_faculty_tool/,https://raw.githubusercontent.com/xd00099/HDSI-faculty-tool-artifact-directory/main/report.pdf,
122,https://github.com/MarthaY01/hdsi_faculty_tool/tree/main,https://marthay01.github.io/hdsi_faculty_tool/,https://raw.githubusercontent.com/xd00099/HDSI-faculty-tool-artifact-directory/main/report.pdf,
123,https://github.com/amuamushu/adv_avod_ssn,https://ayushmore.github.io/2022-03-07-improving-robustness-via-adversarial-training/,https://raw.githubusercontent.com/amuamushu/artifact-directory-template/main/report.pdf,
124,https://github.com/Maderlime/DSC180_Q1_Code,https://medicala15.github.io/about/,https://raw.githubusercontent.com/rakeshsenthil/artifact-directory-template/main/report.pdf,
125,https://github.com/Actionable-Recourse/recourse-api,https://recourse-api.herokuapp.com/recourse,https://raw.githubusercontent.com/Actionable-Recourse/artifact-directory/main/report.pdf,
126,https://github.com/freebreadstix/capstone_B02,https://micmiccitymax.github.io/dsc180b02-site/,https://raw.githubusercontent.com/micmiccitymax/artifact-directory-template/main/report.pdf,
127,https://github.com/aavelasq/dsc180-Q2sentiment,https://aavelasq.github.io/projects/Cancel-Culture-Sentiment/,https://raw.githubusercontent.com/aavelasq/artifact-directory-template/main/report.pdf,
128,https://github.com/18anguyen9/Single_Cell_Coupled_Autoencoders,https://18anguyen9.github.io/DSC_180_website/,https://raw.githubusercontent.com/brianvi-98/artifact-directory-template/main/report.pdf,
129,https://github.com/zwcolin/T5_SQuAD_Prompt_Tuning,https://rachelluoyt.github.io/T5_SQuAD_Prompt_Tuning/,https://raw.githubusercontent.com/rachelluoyt/artifact-directory-template/main/report.pdf,
130,https://github.com/lkuwahara/DSC180Bhub.io-B05/tree/gh-pages,https://lkuwahara.github.io/DSC180B.github.io-B05/,https://raw.githubusercontent.com/Sapphirerain/artifact-directory-template/main/report.pdf,
131,https://github.com/zhw005/DSC180B-Project,https://yujiezhang0914.github.io/DSC180B-Project-Website/,https://raw.githubusercontent.com/yujiezhang0914/artifact-directory-template/main/report.pdf,
132,https://github.com/TanveerMittal/Feature_Type_Inference_Capstone,https://tanveermittal.github.io/capstone/,https://raw.githubusercontent.com/TanveerMittal/artifact-directory-template/main/report.pdf,
133,https://github.com/amelia-kawasaki/dsc_capstone,https://amelia-kawasaki.github.io/dsc_capstone/,https://raw.githubusercontent.com/rdunnUCSD/capstone-artifact-directory/main/report.pdf,
134,https://github.com/edinhluo/DSC180-Capstone-Project,https://v1leeucsd.github.io/,https://raw.githubusercontent.com/edinhluo/artifact-directory-template/main/report.pdf,
135,https://github.com/pnair7/ml-fairness,https://annemxu.github.io/ml-fairness/index.html,https://raw.githubusercontent.com/pnair7/artifact-directory-template/main/report.pdf,
136,https://github.com/mglevitt/Medical-Disparity-Causal-Analysis,https://emily-ramond.github.io/Life-Expectancy-Causal-Analysis/,https://raw.githubusercontent.com/emily-ramond/artifact-directory-template/main/report.pdf,
137,https://github.com/GogoHYX/DSC180_sleep_apnea,https://gogohyx.github.io/DSC180_sleep_apnea/,https://raw.githubusercontent.com/alxjareyliu/artifact-directory-template/main/report.pdf,
138,https://github.com/chinkevin/DSC180_sleep_apnea,https://yilang08.github.io/sleepstage/,https://raw.githubusercontent.com/shaheendane/artifact-directory-template/main/report.pdf,
139,https://github.com/a2lu/CAPSTONE_WILDFIRE,https://cashcountinchi.github.io/b12_capstone/,https://raw.githubusercontent.com/Jsingh-23/artifact-directory-template/main/report.pdf,
140,https://github.com/LauraDiao/Anomaly_Detectives,https://lauradiao.github.io/Anomaly_Detectives/,https://raw.githubusercontent.com/jenna-my/artifact-directory-template/main/report.pdf,
141,https://github.com/tatummaston/anomaly_network_detection,https://ctran0615.github.io/anomaly-network-detection/,https://raw.githubusercontent.com/tatummaston/artifact-directory-template/main/report.pdf,
142,https://github.com/arjunsawhney1/intel-capstone-project,https://arjunsawhney1.github.io/intel-capstone-project,https://raw.githubusercontent.com/arjunsawhney1/artifact-directory-template/main/report.pdf,
143,https://github.com/andydo1998/dsc180-data-analysis,https://andydo1998.github.io,https://raw.githubusercontent.com/andydo1998/artifact-directory-template/main/report.pdf,
144,https://github.com/cgorlla/intel-sur,https://cgorlla.github.io/intel-sur-site/,https://raw.githubusercontent.com/cgorlla/intel-capstone-submission/main/report.pdf,
145,https://github.com/wolftossH/DSC--180AB-escrow,https://wolftossh.github.io/DSC--180AB-escrow-report/,https://drive.google.com/file/d/1UrN4tA0_7iL1MNYRo18lMy3BSNwW27WI/view?usp=drivesdk.pdf,https://drive.google.com/file/d/1wyzuWBjGV1FWsr0bxHz5ml0VPE5hU7MS/view?usp=drivesdk
146,https://github.com/matin-g/Q2-DSC180B-A02,https://wenyuanchen1326.github.io/BlockBazaar/,https://drive.google.com/file/d/190sUeABNC-E0qooRXufQDKANdHkc-RxM/view?usp=drivesdk.pdf,https://drive.google.com/file/d/1qNdCDuVi9iCtT_K80sjAAzl3AlYuNww1/view?usp=drivesdk
147,https://github.com/crvander/capstoneproj2023,https://findl.crv-zeus.synology.me/,https://drive.google.com/file/d/1cEuRrEtS43C81IrKWcEqVuC81JNc3NU-/view?usp=drivesdk.pdf,https://drive.google.com/file/d/1CptK273nCwx4fXM86fK3R5A-sVFzrxfL/view?usp=drivesdk
148,https://github.com/nathansng/fintech_library,https://nathansng.github.io/fintech_library/,https://drive.google.com/file/d/1XZFodTmqfSjhs_77ln-pnKJfeRohLKqq/view?usp=drivesdk.pdf,https://drive.google.com/file/d/1o4sLaCsXra1achSoUnr1Ym_56YwINxWw/view?usp=drivesdk
149,https://github.com/vineettalla/Servicechain.io,https://anyachandorkar.github.io/servicechain.io/,https://drive.google.com/file/d/1KVcQPXKCKVXNh5Ug-qzFNA31YzJXzKEb/view?usp=drivesdk.pdf,https://drive.google.com/file/d/1ye-njQP6-B3w0860eFhcCqgWDOGlClgl/view?usp=drivesdk
150,https://github.com/scottasut/dsc180b-project,https://scottasut.github.io/dsc180b-project/,https://drive.google.com/file/d/13pJ3lStVzOWS8KMK5Ed9uIk0xNdVrFpf/view?usp=drivesdk.pdf,https://drive.google.com/file/d/1ygjGh_qmmjd8mi-vK1iNE1dA1QgAje3U/view?usp=drivesdk
151,https://github.com/KazumaYamamoto2023/DSC180B-Q2-Project,https://srgelinas.github.io/dsc180b_eth_fraud/,https://drive.google.com/file/d/1XrKOHZ6kSN_zucI6wOjCIVkCc4Dw9zB3/view?usp=drivesdk.pdf,https://drive.google.com/file/d/1aa5irUMdCY-Pe-P3WKA6H-zYESMau2qL/view?usp=drivesdk
152,https://github.com/nickthegroot/recipe-recommendation,https://recipe.nickthegroot.com/,https://drive.google.com/file/d/1jvZeZnv5IgBTxvrcPnhyDt6nclg7kCDk/view?usp=drivesdk.pdf,https://drive.google.com/file/d/1i8Ujjdo-Jp6m2bO_zB-KN3S9DQSauJO1/view?usp=drivesdk
153,https://github.com/mjw49/DSC180B-Quarter-2-Project,https://dylanknlee.github.io/higher-order-motif-counting-and-clustering/,https://drive.google.com/file/d/12oeXPTm7E-_hSYmgCcHBkbUWIBywxvpm/view?usp=drivesdk.pdf,https://drive.google.com/file/d/1AffI7myw-qf1fGdqKxGZbazlY_7Gb4rw/view?usp=drivesdk
154,https://github.com/camille-004/Graph-HSCN,https://graphhscn.github.io/,https://drive.google.com/file/d/1kODg7Qw4hAj1e2Ct91R_tvom8MHdeGln/view?usp=share_link.pdf,https://drive.google.com/file/d/1MUaHsWwEtzWefYMtEEhWLy0iv40ishuv/view?usp=drivesdk
155,https://github.com/bliu8923/dsc180b-project,https://brliu.com/dsc180b-project/,https://drive.google.com/file/d/13TkvohhkBROIW7BB643oblBvJz5pptGe/view?usp=drivesdk.pdf,https://drive.google.com/file/d/1kOeHboSKFNY3PiyqN6NLkHB9KsmdtSlb/view?usp=drivesdk
156,https://github.com/Barry0121/graph-neural-net-benchmark,https://dsc180-gnn.github.io,https://drive.google.com/file/d/1up_yEm6UoPp4EHPtbsBKms3f9pKCazko/view?usp=drivesdk.pdf,https://drive.google.com/file/d/1M7jZeyONCmcX7iyuN-xcikFsWJqQiOGm/view?usp=drivesdk
157,https://github.com/hblyx/CommunityDetection,https://hblyx.github.io/CommunityDetection/,https://drive.google.com/file/d/1hsOsV1ykbxqv20dDW8Dp3xjKIZ8utWrY/view?usp=drivesdk.pdf,https://drive.google.com/file/d/19W2pH0bbXj1rGs7mfSV6ENo6TCIJOZk7/view?usp=drivesdk
158,https://github.com/stassinopoulosari/dsc180b-a15-q2project,https://capstone.ari-s.com/,https://drive.google.com/file/d/1iagfeu53Of6Ciq-bMbqB7V6esRwm7vTK/view?usp=drivesdk.pdf,https://drive.google.com/file/d/1iKGE2HfmKvYFZvRuB6oxed3C4vfjiW0q/view?usp=drivesdk
159,https://github.com/darehunt/DSC180B-Project2,https://darehunt.github.io/DSC180B-Project2/,https://drive.google.com/file/d/1kGL500JIx-GclVPg87JwWa_KBH0rnyv5/view?usp=drivesdk.pdf,https://drive.google.com/file/d/1C0Dvh5BTlnEOotPIMtA_xKFm4WNzuTBX/view?usp=drivesdk
160,https://github.com/gordonhu608/Revisit_CLIP,https://gordonhu608.github.io/Revisit_CLIP/,https://drive.google.com/file/d/1j8lFJQ8lpBu-vSkPiIK3TK_dT3ZtNpuC/view?usp=drivesdk.pdf,https://drive.google.com/file/d/1b4Wr6ltINa-Q44nwssO4qHwpL9llTJ2f/view?usp=drivesdk
161,https://github.com/GSam789/DSC180B-Capstone-Network-Dissection,https://thyungkim.github.io/Improve-Accuracy-via-Netdissect/,https://drive.google.com/file/d/1tMRYeJjkdbJ8dC3fZfy0i9C3HsaDdNmI/view?usp=drivesdk.pdf,https://drive.google.com/file/d/1zUP6ChZon1qe9DQKVbvIbz8Qq9cnBMok/view?usp=drivesdk
162,https://github.com/agupta01/ml-theory-capstone,https://mbouassa.github.io/mysite/,https://drive.google.com/file/d/12nO6DjGLh9vk6HesZxI6bP9Jz0s_UGoT/view?usp=drivesdk.pdf,https://drive.google.com/file/d/1tKiHF_ltAvNAzFSAwpgmmbl7avw2M27I/view?usp=drivesdk
163,https://github.com/jimzers/DSC180B-A08,https://scott-yj-yang.github.io/DSC180-A08/,https://drive.google.com/file/d/1lp0Vq_cZd19051WqnaR0nBOAQ7Ubd3gM/view?usp=drivesdk.pdf,https://drive.google.com/file/d/1gIrmHNx2_GwLhDZ133HCNFn7FEU2dVIn/view?usp=drivesdk
164,https://github.com/jmryan19/DSC180,https://jmryan19.github.io/DSC180.io/,https://drive.google.com/file/d/1eyD2lFWYxPeSG6tgtb9WMNSprpRIkUIJ/view?usp=drivesdk.pdf,https://drive.google.com/file/d/1NgGj4UpNht-vNUfaABUweVx21UsqxA48/view?usp=drivesdk
165,https://github.com/ddav118/DSC-180B,https://yashpotdar.github.io/deep-learning-pulmonary-edema/,https://drive.google.com/file/d/1KB_L_Xi7N7hGGX-9HrH2GkfuVVXito2T/view?usp=drivesdk.pdf,https://drive.google.com/file/d/1f0kCAG-FQWb3-6IWrJ1T9XNd7KO15ArF/view?usp=drivesdk
166,https://github.com/shivsakthivel/CNN-Multilabel-Classification,https://shivsakthivel.github.io/DSC180B-Capstone/,https://drive.google.com/file/d/1nB4tn-SLjMxHcxCxH8gqXqSM_V-b0gr6/view?usp=drivesdk.pdf,https://drive.google.com/file/d/1Z_sGXsESxykQD-AsoRo-1AnuJeaqQKR5/view?usp=drivesdk
167,https://github.com/Angela-Wang111/Pneumothorax_classification,https://angela-wang111.github.io/Pneumothorax_classification/,https://drive.google.com/file/d/18Zz5Xgl2BkoN0fkU69UNx0lvy2cbgzoQ/view?usp=drivesdk.pdf,https://drive.google.com/file/d/16u2GqZZZSz5l72ng758ZbQwmU24GRo36/view?usp=drivesdk
168,https://github.com/styyxofficial/DSC180B-Quarter-2-Project,https://styyxofficial.github.io/DSC180B-Quarter-2-Project/,https://drive.google.com/file/d/1m2wUHrn8LPm1j5SjnueLNa5qGnjtqjCx/view?usp=drivesdk.pdf,https://drive.google.com/file/d/1yBr5ZQ84aeFzGMUcrIXpWZ_Lpsuys4eh/view?usp=drivesdk
169,https://github.com/somet3000/1kgp-coverage-analysis,https://cga17.github.io/,https://drive.google.com/file/d/15l2BLS-PvuL3TjchDSVcr9LxJYGc-fFj/view?usp=drivesdk.pdf,https://drive.google.com/file/d/1KtxBB9TybZwfkFu8zqbnGzST42aPkQN5/view?usp=drivesdk
170,https://github.com/jacquelinekclee/twas-dsc180-a17,https://notsamzhou.github.io/twas/,https://drive.google.com/file/d/1Awvjs2wqGFKbhkAPadKIne63CAhkeiwr/view?usp=drivesdk.pdf,https://drive.google.com/file/d/1vITeH0qZGgxF_Z0XJQ0dOaIJx_qTv5Nj/view?usp=drivesdk
171,https://github.com/Med-Dash/Med-Dash.github.io,https://med-dash.github.io/,https://drive.google.com/file/d/1EAWspG9ubShZGzAb2xw818fmrj3BK-7h/view?usp=drivesdk.pdf,https://drive.google.com/file/d/130Y3qjN2Cebh09qblp4o7mN3IWXZPcJy/view?usp=drivesdk
172,https://github.com/Med-Dash/Med-Dash.github.io,https://med-dash.github.io/,https://drive.google.com/file/d/1QBKy5_gyt0SQEFDOk4QlIMqFR1rld2rU/view?usp=drivesdk.pdf,https://drive.google.com/file/d/1LVCq91qyz7mOgYmrz1iUlgvsiYosbfDX/view?usp=drivesdk
173,https://github.com/BradPowell23/First-and-Second-Level-Brain-Analysis,https://jeremyn644.github.io/,https://drive.google.com/file/d/1F7mGlL-Zo2h1u3-PhnqSyaGP6iUq-e-W/view?usp=drivesdk.pdf,https://drive.google.com/file/d/12MgZATLwzI8YPPkRNufTYJvVKgMyPdfH/view?usp=drivesdk
174,https://github.com/mzh4ng/DSC180B_Q2_Project,https://mzh4ng.github.io/DSC180B_Q2_Project/,https://drive.google.com/file/d/15O5Jrf9JOiCC57OWpSJGujG4X2MItNMK/view?usp=drivesdk.pdf,https://drive.google.com/file/d/16df6AgzYgigNHRHZur8AZHEg7FTVAb7l/view?usp=drivesdk
175,https://github.com/Amandoj/DSC180-Q2-Project,https://renaldyh27.github.io/Capstone-Website/,https://drive.google.com/file/d/1UyArQnc2bQYPUdlHa0Lf-GNSF70n_1Oh/view?usp=drivesdk.pdf,https://drive.google.com/file/d/1DOY9-qMOsoCTTyfNKpg0BaX3MhXKZ_EM/view?usp=drivesdk
176,https://github.com/ZixinMa27/DSC180-Aerosol-Flow-Modeling-and-Simulation-in-a-Classroom-with-Mobile-Sensors,https://zixinma27.github.io/DSC180-Aerosol-Flow-Modeling-and-Simulation-in-a-Classroom-with-Mobile-Sensors/,https://drive.google.com/file/d/1Gf7fcC4OMxyWoUNWDI6o3CB6ieyh8S0m/view?usp=drivesdk.pdf,https://drive.google.com/file/d/1sjxEMrzplhf3KgLBxlC5IPeJza5qpJsn/view?usp=drivesdk
177,https://github.com/Brian96086/STNP_RL,https://tomwong001.github.io/dsc180b_project/,https://drive.google.com/file/d/1TtKa3qlYn-rOsDofCywIBpVcrjLjBhyB/view?usp=drivesdk.pdf,https://drive.google.com/file/d/1zPQEc08fNN-1eQBWr7ljxBEo4QJ6QvTu/view?usp=drivesdk
178,https://github.com/3XiangyiKong3/DSC180AB_code,https://sites.google.com/ucsd.edu/dsc180-flu-forecasting/home,https://drive.google.com/file/d/1WBOreSLj3QZscaqc21R6yOCzxPMFq10c/view?usp=drivesdk.pdf,https://drive.google.com/file/d/1Qk1aTauN8f6v_Sz30doSAbByJLBF305S/view?usp=drivesdk
179,https://github.com/apatankar22/hier-neural-proc,https://apatankar22.github.io/hier-neural-proc,https://drive.google.com/file/d/1Mk2uujYlSpMKpOzAgYlZWoz1AOed6XPl/view?usp=drivesdk.pdf,https://drive.google.com/file/d/1m3Gy5ldjGqiTkYX6XV3meAU44MSHP9dL/view?usp=drivesdk
180,https://github.com/Grizlucks/DSC180B-CapstoneFinalProject,https://grizlucks.github.io/DSC180B-CapstoneFinalProject/,https://drive.google.com/file/d/1kq5DpmaYKHzQawH6u30CJMTz2PZCcjUH/view?usp=drivesdk.pdf,https://drive.google.com/file/d/1_5LxtvDnnn0_wNrwpJSVRjxOmAf68b0J/view?usp=drivesdk
181,https://github.com/ptse8204/airlinedatabias,https://ptse8204.github.io/flightpricebias/,https://drive.google.com/file/d/1NYtm0UhGMkCnvrfEqCAp59Sr9eN_O4vh/view?usp=drivesdk.pdf,https://drive.google.com/file/d/1rZY_sfGIvEIO1drWLJLJGIVraNOPUC5L/view?usp=drivesdk
182,https://github.com/NicoloWX/CausalTreeInference,https://capstone-causal-tree.vercel.app/,https://drive.google.com/file/d/1gRXHNkC3B8zMSdUkSrZHGsqYj3tJZOdT/view?usp=drivesdk.pdf,https://drive.google.com/file/d/1T6M5VM9Sk2oVjS5KWMFmPlLo1LKZBEyO/view?usp=drivesdk
183,https://github.com/alecpanattoni/MissingnessFairnessAnalysis,https://alecpanattoni.github.io/,https://drive.google.com/drive/u/0/folders/1K5HJG9lRCFGjKDq9xTInXr2HFAuzxngD.pdf,https://drive.google.com/file/d/1V60ldBhs-OwgSTrZ9DR_Gj_p6F4VbcA_/view?usp=drivesdk
184,https://github.com/ejsong37/Trustworthy-Recommender-Systems-Capstone,https://hi3nb1.github.io/capstone/Introduction.html,https://drive.google.com/file/d/10VEKJZ_TWxqBKimkeTWUmmYjivagMGZJ/view?usp=drivesdk.pdf,https://drive.google.com/file/d/1BjS6ZcwmB4TsGctyS56vNxZsTev8F0zF/view?usp=drivesdk
185,https://github.com/abhianish0105/DSC180B-Q2-Project,https://abhianish0105.github.io/DSC180B-Q2-Project/,https://drive.google.com/file/d/1TUuWDEPs1TEeCuTcY-LtLtfcw_kFS24s/view?usp=drivesdk.pdf,https://drive.google.com/file/d/16vgufdp9xgkmYjbAlJwZoexbTW92yI5Y/view?usp=drivesdk
186,https://github.com/dsaraf-hub/DSC180A-Capstone_Quarter_2,https://justincun.github.io//,https://drive.google.com/file/d/1eONFMcJJvwlrkcfixxt8NG1B2SPe1DHx/view?usp=drivesdk.pdf,https://drive.google.com/file/d/1nQ_0AhbD1kauLRnFW9l199gv_LEPr0Ec/view?usp=drivesdk
187,https://github.com/DSC-180A/spam.detector.github.io,https://dsc-180a.github.io/spam-sentiment.io/,https://drive.google.com/file/d/1YjHSnG9jfTCofcyjl8EZrzBSdz9eYk8R/view?usp=drivesdk.pdf,https://drive.google.com/file/d/1Sk7Ttb20bNryb6pgQ6DIOShOi1Fd6mGh/view?usp=drivesdk
188,https://github.com/DSC180A/transaction_categorization,https://dsc180a.github.io/rethink_creditscore.github.io/,https://drive.google.com/file/d/1F_e-ptRl7zsudbJO6jYHvB0kJKAA8Nar/view?usp=drivesdk.pdf,https://drive.google.com/file/d/1GgUirexlnhHoCEwiy7qBLzJ-s4npSRWW/view?usp=drivesdk
189,https://github.com/kkw002/Quarter2Project,https://kkw002.github.io/,https://drive.google.com/file/d/1-13kDfTIWbfim9yND-tpXNiTohEB-9wX/view?usp=drivesdk.pdf,https://drive.google.com/file/d/15XovpYw3eAMhe3RkNWX1NMKOYU56wHb0/view?usp=drivesdk
190,https://github.com/NJMIXI98/DSC180_Q2PROJECT,https://sawadhwa.github.io/,https://drive.google.com/file/d/1Dm5oS57lnDtHxpotyuWajDOmVW7vUStC/view?usp=drivesdk.pdf,https://drive.google.com/file/d/1Fnf2VpkIiEIo0r51Q19Gcb6iA1KPj36L/view?usp=drivesdk
191,https://github.com/brianjhuang/CryptoWho,https://brianjhuang.github.io/CryptoWho/,https://drive.google.com/file/d/1Kr4Mn0JVtUvl0V7YFv8qJOQgKcr6ISD3/view?usp=drivesdk.pdf,https://drive.google.com/file/d/1zuDZ1LgBUawGSnZ_qpPILettfygo343g/view?usp=drivesdk
192,https://github.com/gprasad125/dsc180b,https://gprasad125.github.io/,https://drive.google.com/file/d/1_pufwtThCU6DZEgdZi3Fg7z6kB9rjmT5/view?usp=drivesdk.pdf,https://drive.google.com/file/d/1_EPfHNOpa4htesHFZ66yNJtGSkJgSJLa/view?usp=drivesdk
193,https://github.com/x6zeng/NLP-Active-Learning-Pipeline,https://x6zeng.github.io/nlpactivelearning/,https://drive.google.com/file/d/1IlZG5haE3QZom6ymYX4OvTgOxebMoy_y/view?usp=drivesdk.pdf,https://drive.google.com/file/d/1Ri9haaMSME1uKvQQPZWmJemlTMuPRnok/view?usp=drivesdk
194,https://github.com/colts661/Incomplete-Text-Classification,https://incomplete-text-classification.vercel.app/,https://drive.google.com/file/d/15cgEj5b0Qrsmwh8P-SxaoedVC1DEMWfk/view?usp=drivesdk.pdf,https://drive.google.com/file/d/1PRPiISiHrhC1dhesHjzwVfGtARPgiemu/view?usp=drivesdk
195,https://github.com/k6chan/reverse-dictionary-pokemon,https://k6chan.github.io/reverse-dictionary-pokemon/,https://drive.google.com/file/d/1wRnpncVJy-a9zYR1k7TOZbLjTeQi9e3Y/view?usp=drivesdk.pdf,https://drive.google.com/file/d/1VsiIXG3CYeLJ-KCdiLdKLgavl5a5RE7o/view?usp=drivesdk
196,https://github.com/zaxiang/Spam_Filter,https://gbirch11.github.io/SpamLabelClassifier/,https://drive.google.com/file/d/1zVZjkvTNF8rxSSz1dwiSutFvN1W0_jPI/view?usp=drivesdk.pdf,https://drive.google.com/file/d/1aHUgSted9FVi-XuNwBtiwZMyes6bn7JS/view?usp=drivesdk
197,https://github.com/ym820/foreground_window_forcast,https://ym820.github.io/foreground_window_forcast/,https://drive.google.com/file/d/1R8tkqk4DWIop3H9xB_IiRIGu3Lg5xOhe/view?usp=drivesdk.pdf,https://drive.google.com/file/d/1d-ahdQEAwBxy_3mLM-QXOPNAIQ_TvAiN/view?usp=drivesdk
198,https://github.com/zeming-zhang/DSC180B-project_artifact,https://langrunzhu.github.io/DSC180B-website/,https://drive.google.com/file/d/1HsCqocF80rk7cEGDdJkHdA3CZ31IDtdn/view?usp=drivesdk.pdf,https://drive.google.com/file/d/13wPDo3P2QiyMIum-6sYac6VxIrPZs3mM/view?usp=drivesdk
199,https://github.com/miloncl/System-Usage-Analysis,https://miloncl.github.io/system-usage-analysis-website/,https://drive.google.com/file/d/1Um2Om1pehjuR4XDSQUlWijJFlfhqBQIS/view?usp=drivesdk.pdf,https://drive.google.com/file/d/1XCZIBruco_yHtsCDHUuW436nVk9j5uwr/view?usp=drivesdk
200,https://github.com/KeaganBenson/DSC180Flock,https://radumanea23.github.io/UCSDFlockFreightCapstone/,https://drive.google.com/file/d/1xj6vi8dZKx0cBooOAjohbmKgO3PuENPa/view?usp=drivesdk.pdf,https://drive.google.com/file/d/1u0os3BdglShvWXPNe6rX03_oWegFYE_w/view?usp=drivesdk
201,https://github.com/taekunkim/flock-freight,https://www.taekun.com/external_files/flock-freight/2023-02-25-flock-freight.html,https://drive.google.com/file/d/1R0hEK9u744ocJlsf6BsqoSnRFVauGoSW/view?usp=drivesdk.pdf,https://drive.google.com/file/d/1yJ2EiWQyIc9kA-kmm30YqsLdn3Lf_mCn/view?usp=drivesdk
202,https://github.com/ESR76/Capstone-Brick-Modeling,https://xenonition.github.io/,https://drive.google.com/file/d/1NhtymRlCO9NW-Awpr0l3zvNC_QlP097J/view?usp=drivesdk.pdf,https://drive.google.com/file/d/1prmyy4H3QmzCm-rJTiUBtl7bP1oX8H2V/view?usp=drivesdk
203,https://github.com/SamuelBAguirre/DSC180A_Project,https://samuelbaguirre.github.io/,https://drive.google.com/file/d/1m-95y-clbX19Tvfub6C1EVUfk67obBbd/view?usp=drivesdk.pdf,https://drive.google.com/file/d/1MRhqBWSuiBE9VimXrwj26__VRJsYxwXV/view?usp=drivesdk
204,https://github.com/alexmak001/SAR-satelite-image-ship-detection,https://alexmak001.github.io/SAR-satelite-image-ship-detection/,https://drive.google.com/file/d/1l730YKRmQcQK0-jmk4c8_E9EI8Q_Uq7q/view?usp=drivesdk.pdf,https://drive.google.com/file/d/14TEEnKOWJT1jHdKgAvF_KTrH47dZ3eau/view?usp=drivesdk
205,https://github.com/rtvo20/dsc180_capstone_q2,https://lsidarto.github.io/perovskite-graph-database/,https://drive.google.com/file/d/1fvD2c6gMAdjvUmZ2fkwSLuqElHt7y-cQ/view?usp=drivesdk.pdf,https://drive.google.com/file/d/1UQg8NNSWwe62T7VlVmEUdwHZ9geA-cqz/view?usp=drivesdk
206,https://github.com/nahmann/DSC180-B16,https://nahmann.github.io/DSC180-B16/,https://drive.google.com/file/d/1TIRdVPAMzYCFyY4q0k01z8i20_8jmRO-/view?usp=drivesdk.pdf,https://drive.google.com/file/d/1fmxXjlZmDWbdOV1L-jkvQLmwGpmatsnc/view?usp=drivesdk
207,https://github.com/acanonig/DSC180B-Proxensus-,https://aryamansinha2704.github.io/Public_Facing_Website/,https://drive.google.com/file/d/1ebad7RuKX5CAMirsm3eL_hmDdZgPB85D/view?usp=drivesdk.pdf,https://drive.google.com/file/d/1eNoyy83jYJXLBQGPFG0bf-T8JxqVTqmU/view?usp=drivesdk
208,https://github.com/pnagasam/dsc180a_capstone_project,https://lalaluke413.github.io/,https://drive.google.com/file/d/1Jrr19qlQAOZJN7n52TEsev-bJ2nCXs35/view?usp=drivesdk.pdf,https://drive.google.com/file/d/1ZbUDECItRBHyN1bDyLNnCDWzydw5fNP3/view?usp=drivesdk
209,https://github.com/BillChen24/DSC180B-Project-B319-2,https://guanlin-99.github.io/,https://drive.google.com/file/d/1iGsZFQrWNduOyzG-M47wgh95Kfgvs9oR/view?usp=drivesdk.pdf,https://drive.google.com/file/d/1tiZzFn23mPv2GgIPWLb0iRCVGM1LPSMl/view?usp=drivesdk
210,https://github.com/TallMessiWu/dota2-drafting-backend,http://116.62.23.28/,https://drive.google.com/file/d/18Fvo1gpB-MmCyFUwfMFYNxgwE4ugXaIM/view?usp=drivesdk.pdf,https://drive.google.com/file/d/1eigxdOn-8DmRpTvWlt0zbq38hhGgg_DZ/view?usp=drivesdk
